size,insertion,bubble,selection,_id
100,1.6893610954284668,0.561835527420044,0.3704345226287842,00
500,0.0009949207305908203,0.001506805419921875,0.001512765884399414,00
1000,0.0035483837127685547,0.004011869430541992,0.001998424530029297,00
5000,0.03614473342895508,0.057013511657714844,0.03387880325317383,00
10000,0.1325232982635498,0.18948864936828613,0.09618759155273438,00
50000,3.086897850036621,4.238426446914673,4.71562647819519,00
100000,15.753183603286743,26.485163927078247,10.678197860717773,00
